n_total_walkers,n_walkers_por_proc,tiempo_max,avg_error
700,43,52.787535100011155,0.010128816496990656
