n_walkers,time,error_black,error_white,avg_error
50,30.218307733535767,0.03453933126893416,0.033333235060351185,0.03393628316464267
100,46.11671042442322,0.028285145586813,0.02773286400671754,0.02800900479676527
200,59.21285367012024,0.02806703584950443,0.025864907747086607,0.02696597179829552
300,97.4068512916565,0.01132057112529189,0.008207237801144351,0.00976390446321812
400,101.94591021537781,0.009413143266721435,0.006396307923940137,0.007904725595330786
500,108.45470428466797,0.017071433753337528,0.015541297012212851,0.01630636538277519
700,180.48141288757324,0.0185725018726261,0.016301579612455264,0.017437040742540683
